USE `Red_Star_FC` ;




INSERT INTO `Staff` VALUES ('S1001','Billy','Murphy'),('S1002','Jamie','Sisley'),('S1003','Dan','Smith'),('S1004','Kim','Dalton'),('S1005','Walt','Longmire');

INSERT INTO `Facility` VALUES ('F1001','Quarter Pitch',40.00),('F1002','Half Pitch',55.00),('F1003','Full Pitch',75.00),('F1004','Clubhouse',250.00);

INSERT INTO `Customer` VALUES ('A1001','Ray','Roche','123 Hyde Road','Dunmore','Ray1@hotmail.com',897889876,1),('A1002','Thomas','Lyons','12 Hurley Lane','Tramore','Tomo@hotmail.com',876123432,0),('A1003','Barry','Egan','7 Johns Hill','Waterford','Barry@gmail.com',831345487,1),('A1004','Warren','Roche','89 Glen Cove','Waterford','Warren76@gmail.com',854560098,0),('A1005','Quentin','Tarantino','65 Bills Park','Kilmeaden','Q92@hotmail.com',871903987,0),('A1006','Andy','Reid','34 Earls Place','Waterford','Andy@gmail.com',891339664,1),('A1007','Harry','Young','122 Uluru Park ','Tramore','HarHar@gmail.com',861099002,0),('A1008','Paul','Rohan','33 Oaks Place','Woodstown','Rohan@hotmail.com',872179209,1),('A1009','Mick','Orpen','33 Old Road','Ballygunner','Mo@hotmail.com',837895972,1),('A1010','Roman','Weaver','88 Park Road','Waterford','Roman@gmail.com ',873106627,0),('A1011','Theo','Garcia','123 Riverwalk','Tramore','Theo@hotmail.com ',884532711,0),('A1012','Lyle','Salas','22 Hunts Hill','Dunmore','Lyle@gmail.com',858957767,0),('A1013','Fred','Todd','66 York Street','Kilmeaden','Fred@hotmail.com ',892844084,0),('A1014','Daniel','Briggs','123 The Glen ','Waterford','Daniel@gmail.com ',862907103,0),('A1015','Damian','Shaffer','56 The Folly','Ballygunner','Damian@gmail.com ',891165541,0),('A1016','Clinton','Sosa','73 Willow Row','Tramore','Clinton@hotmail.com ',853167307,0),('A1017','Cornell','Martin','95 Phillips Hill','Waterford','Cornell@hotmail.com ',877654911,0),('A1018','Chong','Chan','754 Earls Row','Kilmeaden','Chong@gmail.com ',894233273,0),('A1019','Raleigh','Pennington','34 The Igloo','Ballygunner','Raleigh@hotmail.com ',878667327,0),('A1020','Luke','Mahoney','7 Church Row ','Waterford','Luke@hotmail.com',882348765,0);


INSERT INTO `Booking` VALUES ('B1001','2017-09-11','06:00:00','07:00:00','A1001','F1001','S1001'),('B1002','2017-09-12','06:00:00','07:00:00','A1002','F1001','S1002'),('B1003','2017-09-13','06:00:00','07:00:00','A1003','F1001','S1003'),('B1004','2017-09-14','06:00:00','07:00:00','A1004','F1001','S1004'),('B1005','2017-09-11','06:00:00','07:00:00','A1005','F1001','S1005'),('B1006','2017-09-12','08:00:00','09:00:00','A1006','F1002','S1001'),('B1007','2017-09-13','08:00:00','09:00:00','A1007','F1002','S1002'),('B1008','2017-09-14','08:00:00','09:00:00','A1008','F1002','S1003'),('B1009','2017-09-11','08:00:00','09:00:00','A1009','F1002','S1004'),('B1010','2017-09-12','08:00:00','09:00:00','A1010','F1002','S1005'),('B1011','2017-09-13','07:00:00','08:00:00','A1011','F1003','S1001'),('B1012','2017-09-14','07:00:00','08:00:00','A1012','F1003','S1002'),('B1013','2017-09-11','07:00:00','08:00:00','A1013','F1003','S1003'),('B1014','2017-09-12','07:00:00','08:00:00','A1014','F1003','S1004'),('B1015','2017-09-13','07:00:00','08:00:00','A1015','F1003','S1005'),('B1016','2017-09-14','08:00:00','12:00:00','A1016','F1004','S1001'),('B1017','2017-09-11','08:00:00','12:00:00','A1017','F1004','S1002'),('B1018','2017-09-12','08:00:00','12:00:00','A1018','F1004','S1003'),('B1019','2017-09-13','08:00:00','12:00:00','A1019','F1004','S1004'),('B1020','2017-09-14','08:00:00','12:00:00','A1020','F1004','S1005');

INSERT INTO `MembershipType` VALUES ('T1001','Player',200.00,'2017-09-16'),('T1002','Manager/ Coach',125.00,'2017-09-16'),('T1003','Other',75.00,'2017-09-16');

INSERT INTO `Member` VALUES ('M1001','Ray','Roche','Ray1@hotmail.com',897889876,'123 Hyde Road','Dunmore','T1001'),('M1002','Barry','Egan','Barry@gmail.com',831345487,'7 Johns Hill','Waterford','T1001'),('M1003','Andy','Reid','Andy@gmail.com',891339664,'34 Earls Place','Waterford','T1002'),('M1004','Paul','Rohan','Rohan@hotmail.com',872179209,'33 Oaks Place','Woodstown','T1003'),('M1005','Mick','Orpen','Mo@hotmail.com',837895972,'33 Old Road','Ballygunner','T1003'),('M1006','Richard','Carr','richard.carr@gmail',872179208,'44 Igloo Street','Waterford','T1001'),('M1007','Jacob','Wilson','jacob.wilson@gmail',872179210,'88 Nuns Lane','Ballygunner','T1001'),('M1008','Christian','Springer','christian.springer@gmail',872179211,'9 Jupiter Road','Woodstown','T1001'),('M1009','Dan','Langdon','dan.langdon@gmail',837895973,'126 Barber Street','Waterford','T1001'),('M1010','Dominic','Sharp','dominic.sharp@gmail',837895974,'33 Earl Street','Waterford','T1001'),('M1011','Carl','McGrath','carl.mcgrath@gmail',837895975,'55 Regency Row','Woodstown','T1002'),('M1012','Sebastian','Marshall','sebastian.marshall@gmail',837895976,'67 Ball Street','Dunmore','T1002'),('M1013','Eric','Stewart','eric.stewart@gmail',837895977,'68 Hunter Park','Ballygunner','T1002'),('M1014','Harry','Graham','harry.graham@gmail',831345467,'983 Polo Row','Dunmore','T1002'),('M1015','Warren','Davidson','warren.davidson@gmail',831345488,'23 Wilkins Court','Waterford','T1002'),('M1016','James','Oliver','james.oliver@gmail',831345489,'234 Kings Slip','Dunmore','T1002'),('M1017','Joseph','Payne','joseph.payne@gmail',831345490,'123 Nolan Street','Dunmore','T1003'),('M1018','Sean','Chapman','sean.chapman@gmail',891339634,'45 Tibot Avenue','Ballygunner','T1003'),('M1019','Evan','Coleman','evan.coleman@gmail',891339665,'67 Sesame Street','Ballygunner','T1003'),('M1020','Justin','Davies','justin.davies@gmail',891339666,'23 Pointer Lane','Ballygunner','T1003');

INSERT INTO `Payment` VALUES ('P1001',40.00,'2017-9-11','A1001',NULL),('P1002',40.00,'2017-9-12','A1002',NULL),('P1003',40.00,'2017-9-13','A1003',NULL),('P1004',40.00,'2017-9-14','A1004',NULL),('P1005',40.00,'2017-9-15','A1005',NULL),('P1006',55.00,'2017-9-16','A1006',NULL),('P1007',55.00,'2017-9-17','A1007',NULL),('P1008',55.00,'2017-9-18','A1008',NULL),('P1009',55.00,'2017-9-19','A1009',NULL),('P1010',55.00,'2017-9-20','A1010',NULL),('P1011',75.00,'2017-9-21','A1011',NULL),('P1012',75.00,'2017-9-22','A1012',NULL),('P1013',75.00,'2017-9-23','A1013',NULL),('P1014',75.00,'2017-9-24','A1014',NULL),('P1015',75.00,'2017-9-25','A1015',NULL),('P1016',250.00,'2017-9-26','A1016',NULL),('P1017',250.00,'2017-9-27','A1017',NULL),('P1018',250.00,'2017-9-28','A1018',NULL),('P1019',250.00,'2017-9-29','A1019',NULL),('P1020',250.00,'2017-9-30','A1020',NULL),('P1021',200.00,'2017-9-11',NULL,'M1001'),('P1022',200.00,'2017-9-12',NULL,'M1002'),('P1023',125.00,'2017-9-13',NULL,'M1003'),('P1024',75.00,'2017-9-14',NULL,'M1004'),('P1025',75.00,'2017-9-15',NULL,'M1005'),('P1026',200.00,'2017-9-16',NULL,'M1006'),('P1027',200.00,'2017-9-17',NULL,'M1007'),('P1028',200.00,'2017-9-18',NULL,'M1008'),('P1029',200.00,'2017-9-19',NULL,'M1009'),('P1030',200.00,'2017-9-20',NULL,'M1010'),('P1031',125.00,'2017-9-21',NULL,'M1011'),('P1032',125.00,'2017-9-22',NULL,'M1012'),('P1033',125.00,'2017-9-23',NULL,'M1013'),('P1034',125.00,'2017-9-24',NULL,'M1014'),('P1035',125.00,'2017-9-25',NULL,'M1015'),('P1036',125.00,'2017-9-26',NULL,'M1016'),('P1037',75.00,'2017-9-27',NULL,'M1017'),('P1038',75.00,'2017-9-28',NULL,'M1018'),('P1039',75.00,'2017-9-29',NULL,'M1019'),('P1040',75.00,'2017-9-30',NULL,'M1020');




